"","Locus","Expected","Observed","% difference"
"1","Locus01",0.70654296875,0.71875,-1.72771250863856
"2","Locus02",0.66845703125,0.59375,11.1760409057706
"3","Locus03",0.56689453125,0.5625,0.775193798449612
"4","Locus04",0.724609375,0.78125,-7.8167115902965
"5","Locus05",0.61572265625,0.625,-1.50674068199841
