"","Ind09","Ind18","Ind26","Ind32"
"Mean richness",3.63193675720195,3.5150647352749,3.53392818390521,3.81547691775179
"Total richness",18.1596837860098,17.5753236763745,17.6696409195261,19.0773845887589
