"","Ind09","Ind18","Ind26","Ind32"
"Ind09",NA,NA,NA,NA
"Ind18",-0.00940112374948602,NA,NA,NA
"Ind26",-0.00736232944642908,0.00032845859075619,NA,NA
"Ind32",-0.0127152291254134,-0.0140671146464699,0.00736138887706897,NA
