"","Ind09","Ind18","Ind26","Ind32"
"Ind09",NA,NA,NA,NA
"Ind18",-0.0375849222003065,NA,NA,NA
"Ind26",-0.0297056629576676,0.00124829103013713,NA,NA
"Ind32",-0.0575418486171761,-0.0592082467082468,0.0318952802359878,NA
