"","Hs","Ht","Gst_est","Gprime_st","D_het","D_mean"
"1",0.675541125541126,0.66958454836059,-0.00889592986445046,-0.0366657151802143,-0.0244779956184783,NA
