"","Fit","Fst","Fis"
"Locus01",-0.0132476585341681,-0.0510084408397892,0.0359281437125749
"Locus03",0.0186322988618012,-0.0220416711148261,0.039796782387807
"Locus02",0.12408746506871,-0.0164097836420731,0.138228941684665
"Locus05",-0.00146759249118356,-0.00981315576194335,0.00826446280991722
"Locus04",-0.0560220047479854,0.0257777949848744,-0.0839642119752237
