"","Ind09","Ind18","Ind26","Ind32"
"Locus01",3.52978353373237,4.09127231315218,3.81043608380142,3.75265850047113
"Locus02",3.93568673149645,3.91911112980602,4.08715360061904,4.2360248447205
"Locus03",2.90659330992315,2.81189196627854,2.85329068893416,3.51487414187643
"Locus04",4.86443930334462,3.63695462018697,3.43943005012914,4.62108436051766
"Locus05",2.92318090751317,3.11609364695081,3.4793304960423,2.95274274117322
