"","Ind09","Ind18","Ind26","Ind32"
"Ind09",NA,NA,NA,NA
"Ind18",-0.0572789971443994,NA,NA,NA
"Ind26",-0.044980183658298,0.00190417275783631,NA,NA
"Ind32",-0.0847819870484996,-0.089433435587282,0.0460443143256365,NA
